{"cameraMode":{"drawMode":0,"name":"Shaded","section":"Shading Mode"},"sceneLighting":true,"audioPlay":false,"sceneViewState":{"showFog":true,"showMaterialUpdate":false,"showSkybox":true,"showFlares":true,"showImageEffects":true,"showParticleSystems":true},"in2DMode":false,"pivot":{"x":-0.22342891991138459,"y":-3.353907585144043,"z":4.611025810241699},"rotation":{"x":0.2541942000389099,"y":-0.052195679396390918,"z":0.013739886693656445,"w":0.9656464457511902},"size":13.150711059570313,"orthographic":false}