{"cameraMode":{"drawMode":0,"name":"Shaded","section":"Shading Mode"},"sceneLighting":true,"audioPlay":false,"sceneViewState":{"showFog":true,"showMaterialUpdate":false,"showSkybox":true,"showFlares":true,"showImageEffects":true,"showParticleSystems":true},"in2DMode":false,"pivot":{"x":-0.22342891991138459,"y":-3.353907585144043,"z":4.611025810241699},"rotation":{"x":0.23589640855789185,"y":-0.1451234519481659,"z":0.03565199300646782,"w":0.9602230787277222},"size":12.802897453308106,"orthographic":false}