{"cameraMode":{"drawMode":0,"name":"Shaded","section":"Shading Mode"},"sceneLighting":false,"audioPlay":false,"sceneViewState":{"showFog":true,"showMaterialUpdate":false,"showSkybox":false,"showFlares":true,"showImageEffects":true,"showParticleSystems":true},"in2DMode":false,"pivot":{"x":-5.234000205993652,"y":1.0,"z":-0.7040000557899475},"rotation":{"x":0.2312338799238205,"y":0.020429104566574098,"z":-0.004856642335653305,"w":0.9726716876029968},"size":1.1157957315444947,"orthographic":false}