{"cameraMode":{"drawMode":0,"name":"Shaded","section":"Shading Mode"},"sceneLighting":true,"audioPlay":false,"sceneViewState":{"showFog":true,"showMaterialUpdate":false,"showSkybox":true,"showFlares":true,"showImageEffects":true,"showParticleSystems":true},"in2DMode":false,"pivot":{"x":-0.22342891991138459,"y":-3.353907585144043,"z":4.611025810241699},"rotation":{"x":0.2711958885192871,"y":-0.07066664844751358,"z":0.019968854263424875,"w":0.9597189426422119},"size":12.802897453308106,"orthographic":false}